"","omega","alpha1","beta1"
"BM",0.20675511069211,0.0101547628823608,0.0107625870590673
"rugarch",1.67131596787059,0.0211455486688948,0.0174956085026615
"True Value",1,0.5,0.4
